Row Labels,[Anaerorhabdus]_furcosa_group,[Clostridium]_methylpentosum_group,[Eubacterium]_brachy_group,[Eubacterium]_coprostanoligenes_group,[Eubacterium]_eligens_group,[Eubacterium]_hallii_group,[Eubacterium]_nodatum_group,[Eubacterium]_ruminantium_group,[Eubacterium]_siraeum_group,[Ruminococcus]_torques_group,Acetitomaculum,Acidaminococcus,Acinetobacter,Actinobacillus,Adlercreutzia,Aerococcus,Aeromonas,Akkermansia,Aliicoccus,Alistipes,Allisonella,Alloiococcus,Alloprevotella,Anaerococcus,Anaeroplasma,Anaerostipes,Anaerovibrio,Anaerovorax,Arcobacter,Atopostipes,Bacillus,Bacteroidales_RF16_group,Bacteroides,Bergeyella,Bifidobacterium,Bilophila,Blautia,Brachybacterium,Brevibacterium,Breznakia,Butyricicoccus,Butyricimonas,Butyrivibrio,CAG-352,Campylobacter,Candidatus_Saccharimonas,Candidatus_Soleaferrea,Candidatus_Stoquefichus,Carnobacterium,Cellulosilyticum,Christensenellaceae_R-7_group,Chryseobacterium,Clostridia_UCG-014,Clostridia_vadinBB60_group,Clostridium_sensu_stricto_1,Clostridium_sensu_stricto_6,Colidextribacter,Collinsella,Comamonas,Coprococcus,Corynebacterium,Cutibacterium,Defluviitaleaceae_UCG-011,Deinococcus,Dermabacter,Dermatophilus,Desemzia,Desulfovibrio,dgA-11_gut_group,Dialister,Dietzia,DNF00809,Dorea,Elusimicrobium,EMP-G18,Empedobacter,Enterococcus,Enterorhabdus,Erysipelatoclostridium,Erysipelothrix,Erysipelotrichaceae_UCG-003,Erysipelotrichaceae_UCG-009,Escherichia-Shigella,Exiguobacterium,Facklamia,Faecalibacterium,Faecalicoccus,Family_XIII_AD3011_group,Family_XIII_UCG-001,Fastidiosipila,Fenollaria,Fibrobacter,Finegoldia,Flaviflexus,Flavobacterium,Frisingicoccus,Fusobacterium,Gallicola,Gastranaerophilales,Gemella,Globicatella,Glutamicibacter,Helcococcus,Helicobacter,Holdemanella,Hydrogenoanaerobacterium,Ignatzschineria,Incertae_Sedis,Izemoplasmatales,Jeotgalibaca,Jeotgalicoccus,JG30-KF-CM45,Kocuria,Kurthia,Lachnoclostridium,Lachnospira,Lachnospiraceae_FCS020_group,Lachnospiraceae_ND3007_group,Lachnospiraceae_NK4A136_group,Lachnospiraceae_NK4B4_group,Lachnospiraceae_UCG-003,Lachnospiraceae_UCG-007,Lachnospiraceae_UCG-010,Lactobacillus,Lactococcus,Luteococcus,Lysobacter,Macrococcus,Marinospirillum,Marvinbryantia,Megasphaera,Micrococcus,Mitsuokella,Monoglobus,Moraxella,Moryella,Murdochiella,Muribaculaceae,Myroides,Negativibacillus,Neisseria,NK4A214_group,Odoribacter,Olsenella,Ornithinimicrobium,Oscillibacter,Oscillospira,Oxalobacter,p-1088-a5_gut_group,Paludicola,Parabacteroides,Paracoccus,Parasutterella,Parvimonas,Peptococcus,Peptoniphilus,Peptostreptococcus,Phascolarctobacterium,Porphyromonas,Prevotella,Prevotellaceae_NK3B31_group,Prevotellaceae_UCG-001,Prevotellaceae_UCG-003,Propionimicrobium,Proteiniclasticum,Proteus,Pseudomonas,Pseudoscardovia,Psychrobacter,RF39,Rikenellaceae_RC9_gut_group,Romboutsia,Roseburia,Rothia,Ruminobacter,Ruminococcaceae,Ruminococcus,S5-A14a,Sanguibacteroides,Sarcina,Sharpea,Solibacillus,Solobacterium,Sphaerochaeta,Sphingobacterium,Staphylococcus,Streptococcus,Subdoligranulum,Succinivibrio,Sutterella,T2WK15B57,Taibaiella,Terrisporobacter,Tessaracoccus,TM7a,Treponema,Trichococcus,Trueperella,Turicibacter,UBA1819,UCG-001,UCG-002,UCG-004,UCG-005,UCG-008,UCG-009,UCG-010,uncultured,vadinBE97,Veillonella,Victivallaceae,Victivallis,W5053,WCHB1-41
Kalan16S006-218,0.000289369,0,0,0.004919266,0,0.001851959,0.001388969,0.001099601,0.000347242,0,0.002430696,0,0.015741652,0.003067307,0,0.013079461,0,0.000405116,0.000173621,0.00046299,0,0.001620464,0.001504717,0,0,0,0.00046299,0,0.000636611,0.002662191,0,0.002257075,0.004687771,0.00156259,0.000868106,0,0.002372823,0.004919266,0,0,0,0,0,0,0,0.000752358,0,0,0,0.001041727,0.027895133,0.001388969,0.006886973,0.003298802,0.009838532,0,0,0,0,0.001099601,0.064355576,0,0,0.001736212,0,0.001099601,0,0,0.005382256,0,0,0,0,0.000578737,0,0,0.002662191,0.004803519,0,0,0.000520863,0,0,0,0.008333816,0.000810232,0,0.011458996,0.000868106,0,0,0,0,0.001388969,0.001504717,0.006829099,0,0.000115747,0,0,0.001620464,0.001099601,0.001099601,0.000405116,0.000405116,0,0.000289369,0.000694485,0.001620464,0.026390416,0.016783379,0.001157474,0.016725505,0,0.002083454,0,0,0,0.003819665,0,0,0.001041727,0.000636611,0.093523931,0,0.000983853,0.000752358,0.001388969,0,0,0.001273222,0,0,0.003414549,0.007755078,0,0,0.015683778,0.001157474,0.001331096,0.002141328,0.00451415,0,0,0,0.001215348,0,0,0,0.000810232,0.003646044,0.001446843,0.000231495,0,0,0,0,0.000173621,0.001041727,0.007118468,0.005613751,0.004687771,0.002604317,0,0.000636611,0,0.001736212,0,0.019040454,0.000289369,0.014642051,0.013600324,0,0.009664911,0.000173621,0,0.00949129,0,0,0.000578737,0,0.006944846,0.001388969,0.000231495,0.000347242,0.003530297,0.323803461,0,0.000520863,0,0,0,0.025348689,0.003067307,0,0.00451415,0,0.000405116,0,0,0,0.008449563,0.000520863,0.035708085,0.00202558,0.00248857,0.004224782,0.033740378,0,0,0,0,0.000578737,0.00046299
Kalan16S006-219,0,0,0,0.001573564,0,0.000721217,0,0.000590087,0,0,0.000852347,0,0.00190139,0.001966955,0,0.307566221,0,0.000393391,0,0,0,0,0,0.000590087,0,0,0.000721217,0,0,0,0,0,0.001507999,0.000852347,0,0,0,0.002753737,0.000786782,0.000196696,0,0,0,0,0,0,0,0,0,0.002425911,0.006949908,0,0.001704694,0.001049043,0.032061369,0.00190139,0.000393391,0.000393391,0.003606084,0.000655652,0.040388146,0,0,0.00203252,0,0,0,0,0.00013113,0,0.000655652,0,0,0,0,0,0.001180173,0.002294781,0,0,0,0,0,0,0.010621558,0,0,0.002688172,0.000590087,0.000655652,0,0,0,0,0.000262261,0.001835825,0,0,0,0,0.000852347,0,0.000524521,0,0,0.000327826,0,0.000196696,0.001114608,0.000852347,0.008130081,0.002884868,0.009047994,0.000655652,0.001049043,0,0.000458956,0,0,0.001180173,0,0.00190139,0,0.00570417,0,0,0.004196171,0,0,0,0,0.00203252,0,0.000458956,0.008457907,0,0.000196696,0.001311303,0.000196696,0,0.001573564,0.005900865,0,0,0,0.00177026,0,0,0,0.000721217,0,0.000655652,0,0,0,0,0.000393391,0.004982953,0,0.000721217,0.001114608,0.000852347,0,0.000983478,0,0.001573564,0,0,0.008261212,0,0.000721217,0.019079465,0,0.004655127,0,0,0.004065041,0,0,0,0,0,0,0,0.000852347,0.111198531,0.271505376,0,0.000327826,0,0,0,0.004589562,0.000852347,0.000458956,0,0,0,0.034749541,0,0,0.007146604,0,0.006228691,0.001114608,0.000393391,0.002557042,0.010818253,0,0,0,0,0,0
Kalan16S006-221,0,0,0,0.005195119,0,0.002094156,0.000442995,0.000684628,0,0,0,0,0.008215537,0.006081108,0.000201361,0.002255245,0,0,0.000241633,0,0,0.002174701,0,0,0,0,0.000322178,0,0,0.002214973,0.001127623,0.001047078,0.001731706,0.001409528,0.00197334,0,0,0.003705046,0.003342596,0,0,0,0,0,0,0,0.001771979,0,0,0.001651162,0.019491764,0.000644356,0.009020982,0.000765173,0.021867827,0.000563811,0,0.000885989,0.000604084,0.002094156,0.005920019,0,0,0.002174701,0.002376062,0.001369256,0,0,0.003785591,0,0.000604084,0.000604084,0.001248439,0,0,0,0.003342596,0.003382868,0,0,0.000926262,0,0.002053884,0,0.009947243,0,0,0.011195683,0.000201361,0,0,0,0,0.000563811,0.002456607,0,0,0.000684628,0.000201361,0,0.001892795,0.000966534,0,0,0,0,0,0,0.00197334,0.02174701,0.01240385,0.002657968,0.01635053,0.000523539,0,0.000281906,0,0,0.002939874,0,0,0.000885989,0.001167895,0.064677218,0,0.001328984,0.001852523,0,0,0,0,0,0,0.002496879,0.02049857,0.000241633,0,0.012524667,0.000402722,0,0.003785591,0.006725464,0,0,0,0.000241633,0.000805445,0,0,0.000604084,0.000281906,0.001651162,0,0.000201361,0,0,0,0,0.000765173,0.003543957,0.009302888,0.00161089,0,0,0,0,0,0,0.008577987,0.000161089,0.0127663,0.017639241,0.001731706,0.024485522,0,0,0.010551327,0,0,0.000281906,0,0.005074302,0.003020418,0,0.00036245,0.003221779,0.368974266,0,0,0,0.000120817,0.000120817,0.04385647,0.00233579,0,0,0,0.000563811,0.049494583,0,0.001812251,0.014538279,0.000322178,0.028150296,0.00197334,0.002174701,0.005114575,0.037654545,0,0,0,0,0,0.0007249
Kalan16S006-222,0,0,0,0.000945656,0,0,0,0,0,0,0.000756525,0,0.011852225,0.000378263,0,0.540537133,0,0,0,0,0,0,0,0.000567394,0,0.000630438,0,0,0,0.000189131,0,0,0,0,0,0,0,0.0020174,0.000567394,0,0,0,0,0,0,0,0.000252175,0,0,0.001197831,0.002647838,0,0,0,0.064998109,0.004097844,0,0.000315219,0.002458706,0,0.043500189,0,0,0.000693481,0,0,0,0,0.000819569,0,0.0010087,0,0,0,0,0,0,0.001891313,0,0,0,0,0,0,0.009834825,0,0,0.002143488,0,0,0,0,0.000315219,0,0,0.000945656,0,0,0,0,0,0,0,0,0,0,0,0,0,0.002269575,0.00252175,0.000819569,0.002773925,0,0.001071744,0,0,0,0,0,0,0.001450006,0,0.057306771,0,0,0.001071744,0,0,0,0.001071744,0,0.000882613,0,0,0,0,0.000945656,0,0,0.001891313,0.000945656,0,0,0,0,0,0,0,0,0,0.002710881,0,0,0,0,0,0.001828269,0,0.001323919,0,0,0.000315219,0,0,0.0020174,0,0,0.00252175,0,0,0.012293532,0,0.008195688,0,0,0.000567394,0,0,0,0,0,0.001260875,0,0,0.07577859,0.052137183,0,0,0,0,0,0.022443576,0,0.000819569,0.00050435,0,0.000756525,0.029756651,0,0,0.003467406,0,0.004476106,0,0,0.000945656,0.005295675,0,0,0,0,0,0
Kalan16S006-224,0,0,0,0.006155219,0,0.00191793,0.001873327,0.000936664,0.000981267,0,0.002676182,0,0.012310437,0.002408564,0,0.015254237,0,0.000267618,0,0.000579839,0,0.002230152,0.000579839,0.000356824,0,0.000892061,0.000624442,0,0.000847458,0.002230152,0.016681534,0.000713649,0.0014719,0.002899197,0.000535236,0,0.002676182,0.005530776,0.001382694,0.000267618,0,0,0,0,0,0,0,0,0,0.001427297,0.042908118,0.003300624,0.005084746,0.000936664,0.11677074,0.000802855,0.000669045,0.000490633,0,0.003166815,0.059991079,0,0,0.003166815,0.002899197,0.001739518,0,0,0.003211418,0,0.000669045,0,0.003211418,0.00044603,0,0,0.002676182,0.004460303,0,0.001159679,0,0,0,0,0.010392507,0,0,0.012221231,0.000401427,0,0,0,0,0.001828724,0.000847458,0.011106155,0,0.000624442,0,0.001248885,0.002319358,0.000669045,0,0,0.000133809,0,0,0.000401427,0.001293488,0.002274755,0,0.001828724,0.011864407,0,0.001115076,0.001204282,0,0,0,0,0,0.002676182,0.000624442,0.142105263,0,0,0.001293488,0,0.00044603,0,0.000267618,0.002542373,0,0.005619982,0.027966102,0,0.000535236,0.014540589,0,0,0.0029438,0.004281891,0,0,0,0.003033006,0,0,0,0.000669045,0.000490633,0.001828724,0.00044603,0,0,0,0,0.000892061,0,0.003479037,0.004683318,0.005218555,0.000356824,0,0.001115076,0,0.000401427,0,0.018911686,0.00044603,0.010124888,0.025156111,0.000267618,0.032292596,0,0,0.012756467,0,0,0,0,0,0.002007136,0,0,0.016993756,0.06926851,0,0.001070473,0,0,0,0.014629795,0.002363961,0,0,0,0.000312221,0.056422837,0,0.000847458,0.023907226,0.000267618,0.033006244,0.001204282,0,0.005040143,0.03661909,0,0,0,0,0.00044603,0.000936664
Kalan16S006-225,0,0,0,0.003805525,0,0,0,0.000360869,0.00026245,0,0.00078735,0.000295256,0.136933272,0,0,0.506101962,0,0.000196837,0,0.001509087,0.000164031,0,0.001738731,0,0,0,0.001246637,0,0.000984187,0,0,0.000459287,0.003641493,0.000164031,0.005937931,0,0.000951381,0,0,0.000393675,0,0,0,0,0,0,0.001082606,0,0.000754544,0.000688931,0.01922446,0,0.004002362,0.001476281,0.054491175,0.001705925,0,0.001607506,0.002394856,0.000393675,0.009415393,0,0,0,0,0,0.000229644,0,0.002558887,0.000623319,0,0,0,0,0,0.000393675,0.003280625,0.000721737,0,0,0,0,0,0,0.003838331,0,0,0.00288695,0.000393675,0,0,0,0,0,0,0.0020996,0,0,0,0,0.000328062,0.000623319,0,0,0.000196837,0,0,0,0,0.007118955,0.001148219,0.000328062,0.001443475,0,0.000492094,0.000459287,0,0,0.0020996,0.000328062,0,0.000426481,0,0.03618529,0,9.84187E-05,0.000459287,0,0,0.000590512,0.000918575,0,0.002198019,0.001213831,0.001410669,0,0,0.01013713,0,0,0,0.001804344,0,0,0,0.000721737,0.001082606,9.84187E-05,0.000459287,0.000229644,0.001345056,0,0,0,0,0,0,0,0,0.003477462,0.001082606,0.006331606,0.000196837,0.000459287,0,0.000459287,0,0,0.006069156,0,0.004920937,0,0.000820156,0.006069156,0,0.000590512,0.005019356,0,0.000196837,0,0,0.0005249,0.001705925,0,0,0.026212191,0.006659668,0.000131225,0,0,0,0,0.002263631,0.000229644,0,0,0,0.000360869,0.034282527,0,0,0.013319336,9.84187E-05,0.011350961,0.000590512,0.000590512,0.004428843,0.004002362,0,0,0,0.00026245,0,0.0031494
Kalan16S006-226,0.000478154,0,0.000418385,0.009383779,0,0.000657462,0.001195386,0,0,0.012192935,0.002749387,0,0.005678083,0.000119539,0,0.237164545,0,0.000478154,0,0.003705696,0.000777001,0,0.009861933,0.021337637,0,0,0.003108003,0,0,0.000298846,0,0.001852848,0.034008726,0,0.005737852,0,0.001494232,0,0,0.000358616,0.000657462,0.001613771,0,0,0,0,0.00167354,0,0,0.000298846,0.022473253,0,0.005618313,0.004542466,0.045364892,0.000896539,0,0.002151694,0.000478154,0.001972387,0.006455083,0,0,0,0,0.000478154,0,0.00675393,0.002450541,0,0,0,0,0.000777001,0,0,0.013627398,0,0.008009085,0,0,0,0.017153786,0,0.00167354,0,0,0.006455083,0.000657462,0,0.002868926,0,0,0,0,0.004542466,0.0235491,0,0.000418385,0,0,0,0,0,0.001075847,0,0,0.000358616,0.000179308,0.003825235,0,0,0.001972387,0.000717231,0.004303389,0.000896539,0,0,0.001972387,0,0,0.000597693,0,0.026776642,0,0,0,0,0,0.000478154,0.009742394,0,0.002151694,0.001434463,0.003108003,0,0,0.021995099,0,0,0,0.014464168,0,0,0,0.002570079,0.002570079,0.000239077,0,0,0.004124081,0,0.001912617,0,0.001314924,0,0,0.008905624,0.14237045,0.006933238,0.001613771,0.005439005,0.000179308,0,0,0,0,0,0.001135617,0,0.014045783,0.007770008,0,0.005140159,0,0,0.005140159,0.003825235,0,0,0,0,0.00167354,0,0,0.00591716,0.019305481,0,0.007291853,0,0,0,0.001494232,0,0,0.000179308,0,0.00167354,0.025222641,0.002809157,0,0.018289403,0.001314924,0.031737493,0.000478154,0.001972387,0.008009085,0.015002092,0,0.004662005,0,0.000597693,0,0.004422927
Kalan16S006-228,0.000202421,0,0,0.008542164,0,0.001457431,0.000283389,0.001335978,0.000364358,0,0.002186146,0.002105178,0.159750617,0.000283389,0,0.141694668,0.000931136,0.000202421,0,0.001093073,0,0,0.002469536,0,0.000242905,0,0.002348083,0,0.001497915,0.000283389,0.052224606,0.000404842,0.003724546,0.00048581,0.010606858,0,0.002631472,0.000971621,0,0.000242905,0,0,0,0,0,0,0.001619368,0,0,0.002833893,0.03178009,0,0.006598923,0.00174082,0.085016801,0.001821789,0.001012105,0.003684061,0.001295494,0.003117283,0.006922797,0,0,0,0,0,0.001376462,0,0,0,0,0.000242905,0.002914862,0.000323874,0,0,0.003805514,0,0,0,0,0,0,0,0.002226631,0,0,0.008339743,0.00048581,0,0,0,0,0,0,0.003441156,0,0,0,0,0.000404842,0.001700336,0,0,0.000850168,0.000242905,0,0.000445326,0,0.006882312,0.002469536,0,0,0.002429051,0.001538399,0.0007692,0,0,0.00299583,0.000445326,0,0.001781304,0,0.04028177,0,0,0,0,0,0.000688231,0,0.000728715,0.003441156,0.002064694,0.003562609,0,0,0.013724141,0,0,0.000364358,0.015707866,0,0,0,0.000971621,0.002186146,0.000404842,0.000242905,0,0.001862273,0,0,0,0,0,0,0,0.000445326,0.012469131,0.005141492,0.002671957,0.000890652,0,0.000445326,0.000404842,0,0,0.010040079,0,0.003926967,0,0.000688231,0.01352172,0.000202421,0,0.006963281,0,0,0,0,0,0.001943241,0,0,0.097688353,0.025869398,0,0.005384397,0.000283389,0,0,0.025100198,0.000323874,0,0,0,0,0.031942027,0,0.000607263,0.023035505,0,0.027164892,0.001983725,0.001457431,0.004534229,0.014695761,0,0,0,0,0,0.001821789
Kalan16S006-229,0,0,0,0.007115082,0,0.003640275,0,0.000910069,0,0,0,0,0.251427153,0,0,0.138413171,0,0,0,0.005046744,0,0,0,0,0,0,0,0,0,0,0,0,0.001571937,0,0.016050302,0,0,0,0,0,0,0,0,0,0,0,0.000496401,0,0.002399272,0.002895673,0.031107802,0,0.005129478,0,0.011830893,0,0,0,0.003888475,0.007032349,0.013402829,0.003309341,0,0.000992802,0,0,0,0,0.001820137,0.008687019,0,0,0,0,0,0.011417225,0.003309341,0,0,0,0,0,0,0,0,0,0,0.006701415,0,0,0,0,0,0,0,0,0,0,0,0,0,0,0,0,0,0,0,0,0,0.008521552,0,0,0,0,0.001075536,0,0,0,0.001902871,0,0,0,0,0.096632746,0,0,0,0,0,0,0,0,0.007032349,0.003557541,0.00165467,0,0,0.005956813,0,0,0,0.003971209,0,0,0,0,0,0,0,0,0.003474808,0.001323736,0,0,0,0,0.001323736,0.002895673,0,0.005708613,0.003640275,0.006618681,0.001820137,0,0,0,0,0,0,0.000910069,0.013154629,0,0,0.010672623,0,0,0.000413668,0,0,0,0,0,0,0,0,0.068172417,0.088359394,0,0,0,0,0,0,0,0.006453214,0,0,0,0.060891867,0,0,0.009100687,0,0.025978324,0,0.004384876,0.004136676,0.011665426,0,0,0,0,0,0
Kalan16S006-230,0.000908023,0,0.000534131,0.018053627,0,0.003204786,0.003418438,0.002136524,0.00379233,0,0.00293772,0.002189937,0,0,0,0.002563829,0,0,0,0,0,0,0.0044867,0.001014849,0,0,0.000534131,0,0,0,0,0.002724068,0.027667984,0,0.0089734,0,0.001335327,0,0,0,0,0.000480718,0,0,0.000320479,0,0.004379874,0.000320479,0,0.00224335,0.089093046,0,0.027721397,0.007103942,0.151479543,0.000801196,0.00154898,0.001976285,0,0.015329559,0.001281914,0,0.002563829,0,0,0,0,0.005982267,0.009347292,0,0,0,0,0.001281914,0,0,0,0.003471851,0.009293879,0,0,0,0.02483709,0,0,0,0.001175088,0.017092191,0.000320479,0,0.000640957,0,0,0,0,0.011697468,0.001762632,0,0,0,0,0,0,0,0.001281914,0,0,0.003632091,0.000320479,0,0,0,0,0,0.001976285,0,0,0.000427305,0,0,0,0,0,0.125307125,0,0,0,0,0,0.000801196,0.003258199,0,0.001068262,0,0,0.000480718,0,0.047804722,0,0,0,0.04000641,0.000534131,0,0,0.005394723,0,0.00069437,0,0,0.013780579,0,0.001869458,0,0,0,0,0.000427305,0.005234483,0.0044867,0.002457002,0.005287897,0.001922871,0,0,0,0,0,0,0.002350176,0.020083324,0,0.000373892,0,0,0,0.016931952,0,0,0,0,0,0.004914005,0,0,0,0.037068689,0,0.001976285,0,0,0,0.002457002,0,0,0,0,0,0.026653135,0,0.001922871,0.018480932,0.001922871,0.063134281,0.008332443,0.002724068,0.018213866,0.018587758,0,0,0.000587544,0,0,0.004807179
Kalan16S006-232,0,0,0.000400338,0.009074329,0,0.000845158,0.002802366,0.000934122,0.00088964,0,0,0.000622748,0.088385748,0.002757884,0,0.073261866,0,0,0,0.000578266,0,0.000355856,0.001957208,0,0,0,0.005248877,0,0.003558561,0,0.005293359,0.002135136,0.004981985,0,0.01107602,0,0.003558561,0.001690316,0.00111205,0.00066723,0,0.000489302,0,0,0,0.00022241,0,0,0,0,0.043058583,0.000978604,0.013567012,0.00133446,0.007161603,0.001467906,0,0.006627819,0,0.001423424,0.035185268,0,0,0,0,0.001067568,0.000756194,0.00133446,0.003158222,0,0.000355856,0,0.005871625,0,0,0.003469597,0.003469597,0,0,0.000578266,0,0,0,0,0.003024776,0,0,0.006449891,0,0,0,0,0,0.000266892,0.002357546,0.008318135,0,0,0,0.000266892,0.001067568,0.002535474,0,0,0,0,0.00022241,0.000400338,0,0.00088964,0,0.000845158,0.004359237,0,0,0.000578266,0,0,0.004848539,0,0.000355856,0.000311374,0.000800676,0.013922868,0,0,0,0,0,0.000711712,0.030114319,0,0.008807437,0.003558561,0.018860371,0,0,0.026778168,0,0.002090654,0.001156532,0.008006761,0,0,0,0.001645834,0.005916107,0,0.000489302,0,0.000489302,0,0.00155687,0,0,0,0,0.002846848,0.001423424,0.012766336,0.005604733,0.004092345,0.002046172,0,0,0,0,0,0,0,0.007072639,0,0,0.030959477,0.000800676,0,0.01218807,0,0,0,0,0.003291669,0.00311374,0,0.000756194,0.02726747,0.226235488,0,0.00155687,0,0,0,0.001289978,0,0.000266892,0,0,0,0.044215115,0,0.000800676,0.021885147,0.000489302,0.030381211,0.000756194,0.000934122,0.008896401,0.029091233,0,0,0,0.000622748,0,0.002579956
Kalan16S006-233,0.000481638,0,0,0.007043949,0,0.00192655,0.001384708,0.002227574,0.000963275,0,0,0.002107164,0.150150512,0,0,0.141420831,0.000481638,0.000240819,0,0.00192655,0,0,0.003431668,0,0,0,0.003311258,0,0,0,0,0.000842866,0.001745936,0,0.020048164,0,0.001565322,0,0,0,0,0,0,0,0,0.000421433,0.001384708,0,0.000782661,0.001986755,0.03654425,0.000541842,0.006742926,0.000662252,0.015713426,0.001625527,0,0.004635762,0.004455148,0.004274533,0.014328718,0,0,0,0,0,0,0.001986755,0.001685731,0.002287778,0,0,0.003552077,0.000842866,0,0,0.004093919,0.002107164,0,0,0.000240819,0,0,0,0.002649007,0,0,0.009151114,0.000662252,0,0,0,0,0,0,0,0,0,0,0,0,0.00192655,0,0,0,0,0,0,0,0.013245033,0,0,0.001264299,0,0,0,0,0,0.006321493,0,0,0.001806141,0,0.049608669,0,0,0,0.00102348,0,0,0.019084889,0,0.010355208,0.001324503,0.004394943,0.000301023,0,0.01986755,0,0,0.000361228,0.011017459,0,0,0,0,0,0,0.000421433,0,0.001505117,0.000541842,0.000722456,0,0,0,0,0.010234798,0.000481638,0.001625527,0.005117399,0.008007225,0.000481638,0,0,0.000361228,0,0,0,0,0.008308248,0.018543046,0,0.031727875,0.000301023,0,0.010234798,0,0,0,0,0.001625527,0.003612282,0,0,0.055267911,0.136062613,0,0,0,0,0,0.028597231,0,0,0.004093919,0.001444913,0,0,0,0,0.012281758,0.000180614,0.02962071,0,0,0.004695966,0.014027694,0,0,0,0.000421433,0,0.002889825
Kalan16S006-234,0,0,0,0.004392597,0,0.002376323,0.004752646,0,0.000792108,0,0,0.019946713,0.001728235,0,0,0.056743717,0,0,0,0,0,0,0.001008137,0.027219702,0,0,0,0,0,0,0,0,0.060128177,0,0.037301073,0,0.005256715,0,0,0,0.001296176,0.001656225,0,0,0,0,0.001296176,0,0,0.001512206,0.092100526,0,0.015842155,0.001080147,0.023475193,0.000432059,0.000504069,0.015770145,0.000504069,0.01742637,0.059696119,0,0,0,0,0,0,0.009937351,0.001296176,0,0,0,0,0.001152157,0,0,0.03139627,0.001800245,0,0,0,0.00705696,0,0,0,0,0.039317347,0.014329949,0,0,0.007417009,0,0.001008137,0,0,0.004824656,0.010081371,0,0,0,0,0,0,0,0.004392597,0,0,0.01036941,0,0,0,0,0,0,0.002016274,0,0,0,0.003960539,0,0,0,0,0.043925974,0,0,0,0,0,0.001368186,0.022539065,0,0.001800245,0,0.000288039,0.001080147,0,0.017642399,0,0,0,0.042125729,0.000720098,0.021746958,0,0,0,0,0,0,0.006624901,0,0,0,0.003888529,0.004824656,0,0.007200979,0,0.009433283,0,0.000936127,0.000936127,0,0,0,0,0.000648088,0.000792108,0.000432059,0.001800245,0.006624901,0,0.001944264,0,0,0,0.00691294,0,0,0,0,0.017642399,0,0.000288039,0,0.033916613,0,0.003888529,0.000576078,0,0,0,0,0,0.003024411,0,0,0.019946713,0.001728235,0,0.034636711,0,0.040109455,0.004536617,0,0.002232304,0.022251026,0,0.004392597,0,0,0,0
Kalan16S006-236,0,0,0,0.002192502,0,0.000548125,0.000767376,0.001151063,0.000383688,0,0.002959877,0,0.014963824,0.002411752,0,0.013483885,0,0.00021925,0,0.000822188,0,0.001205876,0.001151063,0,0,0,0,0,0.001041438,0.001370314,0,0.000493313,0.003179127,0.002685815,0.00065775,0,0.00065775,0.008112256,0.001260688,0.000274063,0,0,0,0,0,0,0.000986626,0.00021925,0,0,0.025158956,0.000712563,0.01014032,0.000767376,0.065884674,0,0,0.000383688,0,0.002959877,0.065117299,0,0,0.002740627,0,0.000767376,0,0.001151063,0.003946503,0,0.000548125,0,0.002905065,0.000712563,0,0,0.002411752,0,0,0,0,0,0,0,0.009975882,0,0,0.006796755,0.000493313,0,0,0,0,0.00065775,0.003124315,0.009153694,0,0.000383688,0.000164438,0.000493313,0.001863626,0.001425126,0.00065775,0.000164438,0,0,0,0.000877001,0.001151063,0.022199079,0.015128261,0.002192502,0.010798071,0,0,0.001096251,0,0.000383688,0.003782065,0.001096251,0,0.000602938,0.0004385,0.137634291,0,0,0.001205876,0,0,0,0,0.003508003,0,0.003288752,0.013977198,0,0.000383688,0.011894321,0.001315501,0,0.001370314,0.002302127,0,0,0.000548125,0.001260688,0,0,0,0.000493313,0.00367244,0.001863626,0.000493313,0,0,0,0,0,0.000548125,0.003179127,0.001479939,0.00668713,0.002740627,0,0,0,0.001260688,0,0.018033326,0.000822188,0.009537382,0.011729884,0,0.027296645,0,0,0.009263319,0,0,0,0,0,0.002192502,0,0.000383688,0.005755317,0.269129577,0,0,0,0.000164438,0.000274063,0.022089454,0.002247314,0,0,0,0.000548125,0,0,0.000877001,0.002740627,0.00021925,0.034367463,0,0.001973251,0.005919754,0.026693708,0,0,0,0,0.00021925,0.001808814
Kalan16S006-237,0,0,0,0.002486097,0,0,0,0,0.000392542,0,0.001177625,0,0.008766765,0.000588813,0,0.006018973,0,0.000392542,0,0,0,0.001177625,0,0.002420674,0,0,0.004056264,0,0,0.001570167,0,0,0.003532875,0.000523389,0.003140334,0,0.001308472,0.011252862,0.001701014,0,0,0,0,0,0,0,0.001308472,0,0,0,0.014916585,0.013542689,0.002616945,0.003729146,0.023879621,0.00143932,0,0,0.002878639,0.00143932,0.030879948,0,0,0.003859993,0,0.000981354,0,0.000523389,0.00071966,0,0.001177625,0,0,0.001046778,0,0,0.004252535,0,0,0,0.000785083,0,0,0,0.028851816,0,0,0.003859993,0.001112202,0,0,0,0,0,0.00071966,0.004579653,0,0,0,0,0.001897285,0.001962709,0.001373896,0,0.000785083,0,0,0,0,0.045665685,0.056983971,0.004317959,0.034347399,0,0.001570167,0,0,0.000654236,0.001570167,0,0,0.002551521,0,0.020215898,0,0.000588813,0.013280994,0.003009486,0,0,0,0.0047105,0,0.001570167,0.005822702,0,0,0.007719987,0.000327118,0,0.000850507,0.002093556,0,0.000457965,0.000523389,0.00143932,0,0,0,0.001046778,0.002158979,0.007000327,0,0,0,0.000261694,0,0.006215244,0.000457965,0.000915931,0.001701014,0.002420674,0.001897285,0.001701014,0,0,0,0,0.020085051,0,0.002551521,0.019692509,0.001373896,0.038730782,0,0,0.005299313,0,0,0.002878639,0,0,0.001897285,0,0.003205757,0.100228983,0.211187439,0,0.001766438,0,0,0,0.034478247,0.003467452,0.000915931,0,0,0.000523389,0.045469414,0,0,0.005626431,0,0.01609421,0.001962709,0.00163559,0.006018973,0.031076219,0,0,0,0,0,0.002158979
Kalan16S006-239,0,0,0,0.007936088,0.000370351,0,0,0,0,0,0.001745939,0,0.030686207,0.004391302,0,0.045711867,0,0.000158722,0,0.000687794,0,0.003968044,0,0,0,0,0.003227342,0,0,0.001957568,0.000370351,0,0.001375589,0.001375589,0.001005238,0,0,0.004497117,0.001693032,0,0,0,0,0,0,0,0,0,0,0,0.017776837,0.002275012,0.015766362,0.000264536,0.098777842,0,0.004179673,0,0,0.002380826,0.087561505,0,0,0,0,0,0,0,0.003174435,0,0,0,0.002751177,0.001375589,0,0,0.004073859,0.000634887,0,0.000687794,0,0,0.002275012,0,0.014866938,0,0,0.006137241,0,0,0,0,0,0.002856992,0,0.003386064,0,0,0,0,0.00058198,0.001058145,0,0,0,0,0,0,0,0.000370351,0,0,0.028993175,0.002275012,0.002169197,0.002169197,0,0,0.003227342,0,0,0,0,0.207766785,0,0,0,0,0,0.001005238,0.004655838,0.003915137,0,0.001216867,0.016401249,0,0.000423258,0.007142479,0.001269774,0.002169197,0,0.004655838,0,0,0,0,0.002063383,0,0,0.00211629,0,0.002275012,0,0,0,0,0,0.008729697,0,0.004073859,0.00809481,0.001058145,0.001005238,0,0,0,0,0,0.015396011,0,0.006243056,0,0.003915137,0.022697212,0,0,0.006295963,0,0,0.000846516,0,0,0.001111052,0,0,0.027723401,0.064546849,0,0,0,0,0,0.013279721,0.001693032,0,0.001216867,0,0.002751177,0.056187503,0,0.000793609,0.015343104,0.000105815,0.02523676,0.001428496,0.003438971,0.008570975,0.017565208,0,0,0,0,0,0.000370351
Kalan16S006-240,0.000199448,0,0,0.01143503,0,0.000764551,0.000465379,0,0.001562344,0,0.001130206,0,0.00462055,0.000997241,0,0.206960742,0,0,0,0.000964,0,0.00219393,0.003988964,0.000398896,0.00049862,0.00049862,0.007512549,0.000299172,0,0.000432138,0.000698069,0.00049862,0.01216634,0,0.003922481,0,0.001728551,0,0.000199448,0.001795034,0,0,0.000698069,0,0,0,0.003058206,0,0.000365655,0.001994482,0.040355018,0.000864276,0.003423861,0.004853239,0.083103414,0.001362896,0.000166207,0.000332414,0.001229931,0.005950204,0.063657215,0,0,0.000831034,0,0,0,0.002027723,0.000598345,0.002493102,0.000365655,0,0.008011169,0.00219393,0.000132965,0,0.000465379,0.00242662,0,0,0,0,0.003822757,0,0.005717515,0.000531862,0,0.007811721,0.00049862,0.000398896,0,0,0,0,0.000299172,0,0,0,0.000166207,0,0,0.000598345,0,0,0.000565103,0,0,0.000897517,0.001130206,0.006282618,0.005218894,0,0.003457102,0,0.002227171,0.001130206,0.00049862,0.000299172,0.003756274,0,0.000797793,0.001927999,0,0.107967955,0,0,0.001828275,0,0,0.000299172,0.002459861,0.009606755,0.002792275,0,0.003556826,0.00049862,0,0.016820131,0,0,0.000797793,0.012299305,0,0.00049862,0,0.000831034,0.002227171,0.000299172,0,0,0.001894758,0.000631586,0.000265931,0,0,0,0.00023269,0,0.00073131,0.005152412,0.002592827,0.010072134,0.002293654,0,0,0.001595586,0.000199448,0,0.01216634,0,0.008243859,0.010570754,0.001529103,0.007944686,0,0,0.005185653,0.000199448,0,0,0,0,0,0.000199448,0,0.055280391,0.014061098,0,0.005451584,0,0.000166207,0,0.003590067,0.000265931,0.000930758,0,0,0,0.035169365,0,0,0.022903301,0.00023269,0.041252535,0.001495861,0.001628827,0.016653924,0.017883855,0.000897517,0,0,0.000432138,0,0.002293654
Kalan16S006-241,0.00073014,0,0,0.02978972,0.002385125,0.001654984,0.001362928,0.000876168,0.002433801,0,0.002093069,0.003115265,0,0,0,0.001411604,0,0,0,0.006571262,0,0,0.022147586,0.005597741,0.00194704,0,0.008810358,0.000827492,0,0,0,0.005597741,0.033537773,0,0.011438863,0,0.002920561,0,0,0.002044393,0,0.000584112,0,0.00073014,0.000438084,0,0.005208333,0.00024338,0,0.00073014,0.053884346,0,0.011730919,0.026674455,0.035095405,0,0.001654984,0.000535436,0,0.017377336,0.002385125,0,0,0,0,0,0,0,0.008274922,0.003115265,0,0,0.015576324,0.009929907,0,0,0,0,0,0,0,0,0,0,0,0.003845405,0,0.012266355,0.001654984,0,0,0.000292056,0,0,0,0.015332944,0,0,0.002141745,0,0,0,0,0,0,0.000584112,0,0.002093069,0.003504673,0,0,0,0,0,0.002482477,0.004332165,0.001119548,0.002871885,0.011828271,0,0,0.000876168,0,0.005354361,0,0,0,0,0,0.001801012,0.002287773,0,0.00097352,0.002482477,0,0.000778816,0,0.064154984,0,0,0,0.031201324,0,0.000681464,0,0.005110981,0.000584112,9.7352E-05,0,0.001557632,0.018156153,0,0.002239097,0,0,0.000340732,0,0,0.007398754,0.01586838,0.016306464,0.041374611,0.027063863,0,0,0,0,0,0,0.001752336,0.045317368,0.007496106,0.001557632,0,0,0,0.010416667,0.000389408,0,0,0.003796729,0,0.005110981,0.00048676,0,0,0,0.000632788,0.008859034,0,0,0,0.002531153,0,0,0.007593458,0,0.000681464,0.023899922,0,0,0.03100662,0.001022196,0.088298287,0.001314252,0,0.047021028,0.046680296,0.0012169,0,0,0.003309969,0,0.007106698
Kalan16S006-243,0.000507743,0,0,0.004620462,0,0,0.002487941,0,0,0,0.00294491,0,0.014978421,0.004061945,0,0.017060168,0,0,0,0,0,0.001218583,0,0,0,0,0.000203097,0,0,0.003097233,0.000964712,0,0.001827875,0.000456969,0.000964712,0,0.000863163,0.002132521,0.002894136,0,0,0,0,0,0,0,0.000913938,0,0,0.000609292,0.017618685,0,0.003452653,0.000609292,0.015130744,0,0,0.000761615,0,0.001421681,0.076212237,0,0,0.001675552,0,0.001421681,0,0,0,0,0.000964712,0,0.002335618,0,0,0,0.002081747,0.001675552,0,0,0,0,0,0,0.011322671,0,0,0.013709063,0,0,0,0,0,0,0.000304646,0.004874334,0,0,0,0,0.000913938,0.001878649,0.00106626,0,0,0,0,0,0.001523229,0.022086824,0.017263265,0.001929424,0.008783955,0,0,0.001320132,0,0,0.002081747,0,0,0.001980198,0,0.080832699,0,0,0.003148007,0.002183295,0.001523229,0,0.001015486,0.011982737,0,0.002284844,0.012439706,0,0.002081747,0.006143691,0,0,0.002538715,0.004823559,0,0,0,0.000558517,0.001726326,0,0,0,0,0.003604976,0.000507743,0.00035542,0,0.000964712,0,0.004366591,0,0.001117035,0.005280528,0.004975882,0.000913938,0,0,0,0.000406194,0,0.013962935,0,0.003960396,0.017618685,0,0.033968012,0,0,0.006448337,0,0,0,0,0,0,0.000406194,0,0.029398324,0.332216299,0,0,0,0,0,0.033206398,0.002183295,0,0,0,0.000406194,0,0,0,0.013658289,0.000507743,0.029296776,0.003503427,0.001117035,0.007819243,0.035338919,0,0,0,0,0,0
Kalan16S006-244,0,0.00023818,0,0.015918384,0,0.002461196,0,0.000635147,0.002699377,0,0,0.002342106,0.00035727,0.001349688,0.000436664,0.190107578,0,0,0,0.001508475,0,0,0.00785995,0.000158787,0.001071811,0,0.008534794,0,0,0,0.000833631,0.002461196,0.00797904,0,0.005478147,0.000277877,0.003374221,0.001111508,0.000436664,0.001309992,0,0.000317574,0,0,0,0.000158787,0.001349688,0,0,0.001071811,0.043785479,0,0.004207852,0.006351475,0.023182883,0.001786352,0.000396967,0.001587869,0.001429082,0.006033901,0.032313128,0.00011909,0,0.000595451,0,0,0,0.001151205,0.003652098,0.001270295,0.000476361,0,0,0.000714541,0,0,0.00508118,0.002024533,0,0,0.000595451,0,0,0,0.003493311,0.001548172,0.000158787,0.009646302,0.000674844,0,0,0.000476361,0,0.000396967,0,0.004565122,0,0,0,0,0,0,0,0,0.001190902,0,0,0,0.000714541,0.008931761,0.00543845,0,0.005835417,0,0.002818467,0.003056647,0,0.000754238,0.005160573,0,0,0.001548172,0,0.131356437,0.000158787,0,0.000714541,0,0,0.000516057,0.002223016,0.001627565,0.004287245,0.001309992,0,0.000476361,0,0.024731055,0,0,0,0.011829622,0,0.000436664,0,0.00230241,0.002024533,0,0,0.001508475,0.006470565,0.001508475,0,0,0,0,0,0.008018737,0,0.012067802,0.003096344,0.011234171,0.003453614,0.002461196,0,0.004406336,0,0,0.002858164,0.000516057,0.010440237,0.013139613,0.003136041,0.010956294,0,0,0.004247549,0,0,0,0.001548172,0,0.002977254,0.000277877,0,0.05259815,0.002064229,0.00035727,0.003533008,0,0,0,0.006986622,0.000516057,0,0,0,0.000913024,0.038466119,0,0,0.032749792,0,0.06299869,0.000714541,0.003810885,0.017665039,0.029494661,0,0,0,0.002183319,0,0.001627565
Kalan16S006-245,0.000661907,0,0,0.023970498,0.000472791,0.001465652,0,0.000851024,0.00208028,0.005673491,0.000567349,0,0.002033001,0.000661907,0,0.037681434,0,0,0,0.001465652,0,0,0.00416056,0.035412037,0.000567349,0,0.004775188,0,0,0,0,0.001702047,0.035601154,0,0.004491513,0,0.001276535,0,0,0.001087419,0,0.000992861,0,0,0.007611933,0,0.001891164,0,0,0.000898303,0.061368257,0,0.004964304,0.005531653,0.068412841,0.003971443,0,0.002316675,0,0.001843884,0.000236395,0,0.000425512,0,0,0,0,0.006004444,0.015365704,0.001512931,0,0,0.006666351,0.000756465,0,0,0.000803745,0.001843884,0,0,0,0,0,0,0.000756465,0.000472791,0,0.009408539,0.001323814,0,0.037823271,0.000236395,0,0,0,0.010401399,0,0,0.000283675,0,0,0,0,0,0.001796605,0,0,0.002316675,0.001465652,0,0,0,0,0,0.003924164,0.001229256,0,0,0.004396955,0,0,0.001985722,0,0.007233701,0,0,0,0,0,0.001134698,0.00104014,0,0.000803745,0.000330954,0.000567349,0,0,0.048555624,0,0,0.000141837,0.028225616,0,0.000803745,0,0.003971443,0,0,0.00052007,0.000425512,0.007848329,0,0,0,0.003498653,0,0,0.014041889,0.116211999,0.00728098,0.007233701,0.012150726,0.008604794,0,0,0,0,0,0.000283675,0.000709186,0.023072195,0,0.010448679,0.000567349,0,0.000945582,0.009550376,0.007517375,0.000189116,0,0,0,0.004538792,0.000141837,0,0.001512931,0.001229256,0,0.006004444,0.000378233,0,0,0.003735048,0,0,0,0,0.004444234,0.04666446,0,0,0.033473595,0.001654768,0.072573401,0.001749326,0.004869746,0.024348731,0.027232755,0,0,0.000141837,0.001134698,0,0.002363954
Kalan16S006-247,0.000939009,0,0.000402432,0.016678591,0.000715436,0.002548739,0,0.002146307,0.000357718,0,0.001565015,0,0.020345198,0.001743874,0,0.045072438,0,0,0,0.001565015,0,0.000491862,0.00313003,0,0,0,0.004247898,0,0,0,0.000402432,0.001967448,0.009121803,0,0.008003935,0,0.004695046,0.001475586,0.000670721,0.001117868,0,0,0.000536577,0.000357718,0,0,0.001162583,0,0,0.00076015,0.066893221,0.000581291,0.005276337,0.005410481,0.106152745,0.005008049,0.001252012,0,0.0015203,0.011044536,0.022044357,0,0,0,0,0,0,0.002638168,0.000223574,0.006081202,0,0,0.005812914,0.001207297,0.000536577,0,0.001296727,0.002414595,0,0,0,0,0,0,0.003040601,0,0.000223574,0.001967448,0.000983724,0,0,0.000313003,0,0.00076015,0.001028439,0,0.000313003,0.000178859,0,0,0.001296727,0.000536577,0,0,0,0.000715436,0,0.000626006,0.000223574,0.002772313,0,0,0.003756036,0.000491862,0.000670721,0.001475586,0,0.001028439,0.00634949,0.000670721,0,0.001475586,0,0.050661778,0,0,0,0,0,0.001073153,0.026560544,0.002235736,0.013414416,0.002280451,0.00245931,0.001788589,0,0.035190485,0.000626006,0,0.000626006,0.014621713,0,0.003308889,0,0.002995886,0,0,0,0.000939009,0.005365766,0,0.000670721,0,0,0,0,0.01193883,0.000402432,0.005768199,0.004695046,0.007243785,0.003085316,0,0,0.000715436,0,0,0.004292613,0.001162583,0.008227508,0.013369701,0.001967448,0.00965838,0,0,0.011044536,0,0,0,0,0.001878018,0.00321946,0,0.000268288,0.070604543,0.07910034,0,0.003577178,0.000804865,0,0,0.007154355,0.00076015,0,0,0,0,0.032999463,0,0.000357718,0.024637811,0.000894294,0.066759077,0.002548739,0.00482919,0.010507959,0.029422286,0.000670721,0,0.000313003,0.000178859,0,0.00160973
Kalan16S006-248,0,0,0,0.015560444,0,0.003165746,0.001073134,0.00439985,0.002146268,0,0.001073134,0.005472984,0.05226163,0.002897462,0,0,0,0.000751194,0,0.003326716,0,0,0.00488276,0,0.000214627,0,0.005097387,0,0.007619252,0,0,0.001877985,0.008424103,0,0.002575522,0.00032194,0.001663358,0,0,0,0,0.000268284,0,0.000375597,0,0,0.001609701,0,0.001502388,0.001770671,0.052047003,0.002307238,0.001287761,0.004024253,0.117722809,0.001180447,0.000429254,0.001609701,0.002414552,0.011536191,0.005097387,0,0,0,0,0,0,0,0.003219402,0.002951119,0,0,0.005312014,0.001985298,0,0,0.005794924,0,0,0,0.000375597,0.00016097,0,0.000912164,0.000965821,0,0,0.012931266,0.000965821,0,0,0,0,0,0,0.004829103,0,0,0.000590224,0,0,0.000858507,0,0,0.000965821,0.00048291,0,0.001502388,0.00016097,0.003755969,0,0,0,0,0.002199925,0.001234104,0,0.001073134,0.006224178,0.001019477,0,0.001073134,0,0.122981166,0,0,0,0,0,0,0.001770671,0.003004775,0.003380372,0.001663358,0.003380372,0,0,0.047754467,0,0,0.000429254,0.027794173,0,0.003970596,0,0.002575522,0.000536567,0.00032194,0.00048291,0.001180447,0.005472984,0,0.00048291,0,0,0,0,0.017009175,0,0.005419327,0.004024253,0.007619252,0.008692386,0,0,0,0,0.001180447,0.002790149,0.00032194,0.0192091,0.021623652,0.002253582,0.002199925,0,0,0.028438053,0,0,0,0.002199925,0,0,0.00016097,0.001824328,0.001609701,0.006438805,0,0.004614477,0,0,0,0.032140366,0,0,0.009175296,0,0,0.034662231,0,0,0.026828352,0.001824328,0.08987498,0.003648656,0.005848581,0.016579922,0.021140742,0,0,0,0.000375597,0,0.001556044
Kalan16S006-249,0.000232275,0.000522618,0,0.01747866,0,0.001858196,0.000348412,0.005574589,0.003542187,0,0.001161373,0.003948667,0.000638755,0.004761628,0,0.008652227,0,0.001335579,0,0.005168109,0.000464549,0,0.006097207,0.020904709,0,0,0.010568492,0,0.000116137,0,0.000812961,0.003542187,0.031763545,0,0.001509785,0.000464549,0.003077638,0,0,0.000754892,0,0,0.000580686,0,0.000987167,0,0.003600256,0,0,0,0.051506881,0,0.004180942,0.0098136,0.117414784,0.000696824,0,0.001800128,0,0.012078277,0.009697462,0,0.000290343,0,0,0,0,0.003658324,0,0.000580686,0,0,0.00853609,0.004471285,0,0,0.001509785,0.002206608,0,0,0,0,0.005284246,0,0,0,0,0.011323384,0.000987167,0,0.014284885,0.000580686,0,0,0,0,0,0,0.001800128,0.001161373,0.000754892,0,0,0,0.000580686,0,0,0.00255502,0,0,0,0,0,0,0.001509785,0.003077638,0,0.001509785,0,0.004006736,0,0.000522618,0,0.005516521,0,0,0,0,0,0,0,0.002729226,0.005574589,0.002496951,0.004122873,0.000580686,0,0.057255676,0,0,0.00040648,0.027872946,0,0.001974334,0,0.003890599,0.00214854,0,0.001219441,0.002264677,0.017594797,0,0,0,0.000580686,0.001858196,0,0.019452993,0.001161373,0.012658963,0.008129609,0.013355787,0.006794031,0,0,0,0,0,0.000348412,0,0.031066721,0.00894257,0.009465188,0.00511004,0,0,0.030950584,0.001045235,0,0,0.000638755,0,0,0,0,0.001219441,0.005051971,0,0.001625922,0.000348412,0,0,0.016433424,0,0,0,0,0.00214854,0.022124151,0,0,0.034725045,0.003077638,0.140526102,0.00342605,0.007374717,0.024853377,0.022646768,0,0,0,0.000464549,0,0.007897335
Kalan16S006-251,0,0,0,0.006685879,0,0,0,0,0,0,0,0.001959654,0.034005764,0,0,0.012910663,0,0,0,0,0,0,0.001152738,0,0,0,0.016253602,0,0.003342939,0,0,0,0.00184438,0.000461095,0.002766571,0,0,0,0,0,0,0,0,0,0,0,0.009221902,0,0,0,0.024899135,0,0.007492795,0,0.053602305,0,0,0,0.000691643,0.011066282,0.039884726,0,0,0,0.00610951,0,0,0,0,0,0,0,0.003919308,0,0,0,0.00610951,0.002074928,0,0,0,0,0,0,0.002651297,0,0,0.008414986,0,0,0.000576369,0.001037464,0,0,0,0,0,0,0,0,0,0,0.001383285,0,0.002074928,0.002536023,0,0,0,0.013602305,0.001498559,0,0.005417867,0,0,0,0,0.000806916,0,0,0,0,0,0.033429395,0,0,0,0,0,0,0.001498559,0,0.014870317,0.002420749,0.0070317,0,0,0.041613833,0,0,0,0.003919308,0,0.011066282,0,0,0,0,0,0,0.002305476,0,0,0,0,0,0,0.006455331,0,0.005763689,0.003573487,0.004610951,0,0,0,0,0,0,0.006916427,0,0.003804035,0.019481268,0,0,0,0,0.023976945,0,0,0,0,0,0,0,0,0.359769452,0.024322767,0,0,0,0,0,0.035043228,0,0,0,0.015792507,0,0,0,0,0.005763689,0,0.038962536,0,0,0.008645533,0.022478386,0,0,0,0,0.010028818,0
Kalan16S006-252,0,0,0,0.01400175,0,0.001000125,0.001250156,0.003250406,0.000937617,0,0.000875109,0.005250656,0.056069509,0.002687836,0,0.091323915,0,0.000937617,0,0.002437805,0,0,0.000687586,0,0,0,0.007250906,0,0,0.000312539,0,0.00143768,0.011376422,0,0.008313539,0,0,0,0,0.000750094,0,0,0,0.000437555,0,0,0.002812852,0,0.001375172,0.001250156,0.067820978,0,0.005750719,0.003000375,0.018252282,0.001750219,0.000750094,0.00143768,0,0.014189274,0.011063883,0,0,0,0,0,0,0,0,0.003375422,0,0,0.006938367,0,0,0,0.012251531,0.003250406,0,0,0,0,0,0.001125141,0.00143768,0.000375047,0,0.013126641,0.001375172,0,0,0.000500063,0,0,0,0.005313164,0,0,0.00056257,0,0,0.001312664,0,0,0.001000125,0,0,0.002062758,0,0.005563195,0.000375047,0,0.001312664,0.006625828,0,0.002500313,0,0,0.007313414,0,0,0.001250156,0,0.029628704,0.000625078,0,0,0,0,0,0.018314789,0.006750844,0.005625703,0.005000625,0.005875734,0.00143768,0,0.042692837,0,0,0.000812602,0.025253157,0,0.005875734,0,0.002375297,0,0.000437555,0,0.001312664,0.011376422,0,0.000812602,0,0,0,0,0.01543943,0,0.018189774,0.014814352,0.009876235,0.012939117,0,0,0,0.000500063,0,0.009188649,0,0.018127266,0.024190524,0.001937742,0.003500438,0,0,0.017564696,0,0,0,0,0,0,0,0.001500188,0.006313289,0.008688586,0,0.001625203,0,0,0,0.044130516,0,0,0.011188899,0,0,0.036192024,0,0.000687586,0.018252282,0.001312664,0.082260283,0.005125641,0.004313039,0.014439305,0.029253657,0.000375047,0,0,0,0,0.004875609
Kalan16S006-253,0.000344966,0,0,0.015638475,0,0.003909619,0.001609843,0,0.00091991,0,0.003047203,0.002127293,0,0.001609843,0,0.01569597,0,0.003564652,0,0.00707181,0,0,0.011843845,0,0,0,0.000804922,0,0,0,0,0.002299776,0.023112747,0,0.004944518,0,0.001494854,0,0,0.000344966,0,0,0,0,0.004139596,0,0.004024608,0,0,0.00235727,0.125452768,0,0.000229978,0.01753579,0.059506698,0.002299776,0.001667337,0.002127293,0,0.010866441,0.016673374,0,0.002587248,0,0,0,0,0,0.013108722,0,0,0,0.005059507,0.006554361,0,0,0.000402461,0.006094406,0,0,0,0,0,0,0,0,0,0.002127293,0,0,0,0,0,0,0,0,0.000632438,0,0,0,0,0,0,0,0,0.000402461,0,0.001092393,0,0.000747427,0,0,0,0,0.001839821,0,0.001149888,0.001782326,0.005691945,0,0,0,0,0.030989479,0,0,0,0,0,0,0.001724832,0,0.001667337,0.002184787,0.000804922,0,0,0.085091704,0,0.004082102,0,0.063358823,0,0.000804922,0,0.000977405,0,0.000287472,0.001609843,0.001724832,0.008681654,0,0.000804922,0,0.002472259,0,0,0.035531536,0,0.003047203,0.005002012,0.001379865,0.003967113,0,0,0,0,0,0,0.000574944,0.018225723,0.026332433,0.001724832,0,0,0,0.004657046,0.001954809,0,0,0,0,0,0,0,0,0.022825275,0,0.00523199,0.000459955,0,0,0.039671132,0,0,0.00051745,0,0,0,0,0.007531766,0.043120796,0.007129305,0.078019893,0.004657046,0.001264877,0.043868223,0.02943713,0,0,0,0.000804922,0,0.009256597